{"SeniorCitizen": 0.025800544768571854, "tenure": 0.028221435844898224, "MonthlyCharges": 0.024099234491586685, "TotalCharges": 0.02380010113120079, "gender_Male": 0.021822746843099594, "Partner_Yes": 0.025597164407372475, "Dependents_Yes": 0.020659849047660828, "PhoneService_Yes": 0.02008410543203354, "MultipleLines_No phone service": 0.022731009870767593, "MultipleLines_Yes": 0.02225029654800892, "InternetService_Fiber optic": 0.04909803345799446, "InternetService_No": 0.020721010863780975, "OnlineSecurity_No internet service": 0.02567330375313759, "OnlineSecurity_Yes": 0.02582509070634842, "OnlineBackup_No internet service": 0.020991651341319084, "OnlineBackup_Yes": 0.01968245767056942, "DeviceProtection_No internet service": 0.02183244563639164, "DeviceProtection_Yes": 0.021854449063539505, "TechSupport_No internet service": 0.020965665578842163, "TechSupport_Yes": 0.025893434882164, "StreamingTV_No internet service": 0.023534005507826805, "StreamingTV_Yes": 0.02282559499144554, "StreamingMovies_No internet service": 0.02143215388059616, "StreamingMovies_Yes": 0.019719481468200684, "Contract_One year": 0.14277425408363342, "Contract_Two year": 0.1873660534620285, "PaperlessBilling_Yes": 0.021923888474702835, "PaymentMethod_Credit card (automatic)": 0.02265956439077854, "PaymentMethod_Electronic check": 0.026106011122465134, "PaymentMethod_Mailed check": 0.02405500039458275}